<?xml version="1.0" encoding="UTF-8" ?>
<SyncPurchaseOrder xmlns="http://schema.infor.com/InforOAGIS/2" xmlns:udt="http://www.openapplications.org/oagis/9/unqualifieddatatypes/1.1" xmlns:oacl="http://www.openapplications.org/oagis/9/codelists" xmlns:ccts="urn:un:unece:uncefact:documentation:1.1" xmlns:xsd="http://www.w3.org/2001/XMLSchema" xmlns:clmIANAMIMEMediaTypes="http://schema.infor.com/InforOAGIS/2/IANAMIMEMediaTypes:2003" xmlns:clm5639="http://schema.infor.com/InforOAGIS/2/languagecode/5639:1988" xmlns:clm54217="http://schema.infor.com/InforOAGIS/2/currencycode/54217:2001" xmlns:clm66411="http://schema.infor.com/InforOAGIS/2/unitcode/66411:2001" xmlns:qdt="http://www.openapplications.org/oagis/9/qualifieddatatypes/1.1" xmlns:xsi="http://www.w3.org/2001/XMLSchema-instance" xsi:schemaLocation="http://schema.infor.com/InforOAGIS/2 http://schema.infor.com/2.7.0/InforOAGIS/BODs/Developer/SyncCustomerPartyMaster.xsd" releaseID="9.2" versionID="2.7.0" systemEnvironmentCode="Production" languageCode="GB">
	<ApplicationArea>
		<Sender>
			<LogicalID schemeVersionID="15.1.0.0">lid://infor.m3be.edu_001</LogicalID>
			<ComponentID schemeVersionID="15.1.2">M3BE</ComponentID>
		</Sender>
		<CreationDateTime>2014-02-17T16:56:42.016Z</CreationDateTime>
		<BODID>a0188543-8bde-41e5-9a16-8caee9859aee</BODID>
	</ApplicationArea>
	<DataArea>
		<Sync>
			<TenantID>001</TenantID>
			<LocationID>001</LocationID>
			<ActionCriteria>
				<ActionExpression actionCode="Add" />
			</ActionCriteria>
		</Sync>
		<PurchaseOrder>
			<PurchaseOrderHeader>
				<DocumentID>
					<ID location="F05" variationID="1210056">2000042</ID>
				</DocumentID>
				<DisplayID>2000042</DisplayID>
				<DocumentDateTime>2014-02-17T05:00:00.000Z</DocumentDateTime>
				<Status>
					<Code>Open</Code>
				</Status>
				<CustomerParty>
					<BuyerContact>
						<Name>Sue Shotts</Name>
					</BuyerContact>
				</CustomerParty>
				<SupplierParty>
					<PartyIDs>
						<ID>73009-1</ID>
					</PartyIDs>
					<Name>CEDAR SPRINGS</Name>
					<Location>
						<Address>
							<AddressLine sequence="1" />
							<AddressLine sequence="2" />
							<AddressLine sequence="3" />
							<AddressLine sequence="4" />
						</Address>
					</Location>
				</SupplierParty>
				<ShipToParty>
					<Name>Arizona Chemical</Name>
					<Location>
						<Address>
							<AddressLine sequence="1">2 Everett Ave.</AddressLine>
							<AddressLine sequence="2" />
							<AddressLine sequence="3">Panama City, FL  32401-0142</AddressLine>
							<AddressLine sequence="4" />
							<CityName>Panama City</CityName>
							<CountryCode>US</CountryCode>
							<PostalCode>32401-0142</PostalCode>
						</Address>
					</Location>
				</ShipToParty>
				<ShipFromParty>
					<PartyIDs>
						<ID>73009-1</ID>
					</PartyIDs>
					<Location>
						<Address>
							<AddressLine sequence="1" />
							<AddressLine sequence="2" />
							<AddressLine sequence="3" />
							<AddressLine sequence="4" />
						</Address>
					</Location>
				</ShipFromParty>
				<ExtendedAmount currencyID="USD">10143.00</ExtendedAmount>
				<BillToParty>
					<Name>Acme Chemicals</Name>
					<Location>
						<Address>
							<AddressLine sequence="1">1453 Peach St</AddressLine>
							<AddressLine sequence="2" />
							<AddressLine sequence="3">Plum, GA  32303</AddressLine>
							<AddressLine sequence="4" />
							<CityName>Plum</CityName>
							<CountryCode>US</CountryCode>
							<PostalCode>32303</PostalCode>
						</Address>
					</Location>
				</BillToParty>
				<TransportationTerm>
					<IncotermsCode listID="Delivery terms">COL</IncotermsCode>
					<FreightTermCode>COL</FreightTermCode>
				</TransportationTerm>
				<PaymentTerm>
					<Term>
						<ID>N30</ID>
						<Description>30 days net</Description>
						<Amount currencyID="USD">10143.00</Amount>
					</Term>
				</PaymentTerm>
				<RequestedShipDateTime>2014-02-19T05:00:00.000Z</RequestedShipDateTime>
				<OrderDateTime>2014-02-17T05:00:00.000Z</OrderDateTime>
				<Classification>
					<Codes>
						<Code sequence="1" listID="Purchase Order Categories" />
					</Codes>
					<Description>Purchase Order</Description>
				</Classification>
				<Classification>
					<Codes>
						<Code sequence="2" listID="Purchase Order Types" />
					</Codes>
					<Description>FG Direct Ship</Description>
				</Classification>
			</PurchaseOrderHeader>
			<PurchaseOrderLine>
				<LineNumber>1000</LineNumber>
				<Status>
					<Code>Open</Code>
				</Status>
				<Item>
					<ItemID>
						<ID>OATO4910</ID>
					</ItemID>
					<Description>A4 4910  CRUDE TALL OIL</Description>
				</Item>
				<Quantity unitCode="LB">46000</Quantity>
				<BaseUOMQuantity unitCode="LB">46000</BaseUOMQuantity>
				<UnitPrice>
					<Amount currencyID="USD">22.0500</Amount>
					<PerQuantity unitCode="LB">100</PerQuantity>
				</UnitPrice>
				<ExtendedAmount currencyID="USD">10143.00</ExtendedAmount>
				<ExtendedBaseAmount currencyID="USD">10143.00</ExtendedBaseAmount>
				<RequiredDeliveryDateTime>2014-02-19</RequiredDeliveryDateTime>
				<ShipToParty>
					<Location>
						<Address>
							<AddressLine sequence="1" />
							<AddressLine sequence="2" />
							<AddressLine sequence="3" />
							<AddressLine sequence="4" />
						</Address>
					</Location>
				</ShipToParty>
				<TransportationTerm>
					<IncotermsCode listID="Delivery terms">COL</IncotermsCode>
				</TransportationTerm>
				<FreightClassification>
					<Codes>
						<Code sequence="1">003</Code>
					</Codes>
				</FreightClassification>
				<PromisedDeliveryDateTime>2014-02-19</PromisedDeliveryDateTime>
				<ReceivedQuantity unitCode="LB">0</ReceivedQuantity>
				<ReceivedBaseUOMQuantity unitCode="LB">0</ReceivedBaseUOMQuantity>
				<OpenQuantity unitCode="LB">46000.00</OpenQuantity>
				<OpenBaseUOMQuantity unitCode="LB">46000.00</OpenBaseUOMQuantity>
				<SalesOrderReference>
					<DocumentID>
						<ID>0010000138</ID>
					</DocumentID>
					<LineNumber>1</LineNumber>
					<Quantity unitCode="LB">46000</Quantity>
				</SalesOrderReference>
				<BuyerParty>
					<PartyIDs>
						<ID>SUMSHOTT</ID>
					</PartyIDs>
				</BuyerParty>
				<ContractReference>
					<DocumentID>
						<ID>2000011</ID>
					</DocumentID>
				</ContractReference>
				<SupplierParty>
					<PartyIDs>
						<ID>73009-1</ID>
					</PartyIDs>
					<Name>CEDAR SPRINGS</Name>
				</SupplierParty>
				<ShipFromParty>
					<PartyIDs>
						<ID>73009-1</ID>
					</PartyIDs>
				</ShipFromParty>
			</PurchaseOrderLine>
		</PurchaseOrder>
	</DataArea>
</SyncPurchaseOrder>